{
  "#samples": {
    "times": [
      2.5656251907348633,
      2.8214774131774902,
      3.06014347076416,
      3.3871877193450928,
      4.8756492137908936,
      5.5492987632751465,
      6.576597690582275,
      6.666938781738281,
      8.308402061462402,
      9.61190390586853,
      13.108147859573364,
      13.623360395431519
    ],
    "accuracies": [
      1.0,
      1.0,
      1.0,
      1.0,
      1.0,
      1.0,
      1.0,
      1.0,
      1.0,
      1.0,
      1.0,
      1.0
    ]
  },
  "sqrt(#samples)": {
    "times": [
      0.06978654861450195,
      0.06981444358825684,
      0.0830526351928711,
      0.1047208309173584,
      0.1356489658355713,
      0.1156923770904541,
      0.11469173431396484,
      0.13762760162353516,
      0.13065004348754883,
      0.13365721702575684,
      0.16455912590026855,
      0.15957331657409668
    ],
    "accuracies": [
      0.8983050847457628,
      0.9344262295081968,
      0.9365079365079365,
      0.9242424242424242,
      0.8860759493670886,
      0.8690476190476191,
      0.8555555555555555,
      0.8571428571428571,
      0.9019607843137255,
      0.9090909090909091,
      0.921875,
      0.9230769230769231
    ]
  },
  "log(#samples)": {
    "times": [
      0.046849727630615234,
      0.04188847541809082,
      0.06881308555603027,
      0.05884361267089844,
      0.060837745666503906,
      0.0718071460723877,
      0.11570429801940918,
      0.057846784591674805,
      0.06981420516967773,
      0.06682276725769043,
      0.0827794075012207,
      0.08377623558044434
    ],
    "accuracies": [
      0.576271186440678,
      0.8032786885245902,
      0.9682539682539683,
      0.9090909090909091,
      0.7974683544303798,
      0.7976190476190477,
      0.7444444444444445,
      0.7252747252747253,
      0.7843137254901961,
      0.8090909090909091,
      0.84375,
      0.823076923076923
    ]
  },
  "sqrt(#samples)*2": {
    "times": [
      0.21143484115600586,
      0.23636841773986816,
      0.25731420516967773,
      0.2792525291442871,
      0.36003732681274414,
      0.37998318672180176,
      0.35556840896606445,
      0.3779895305633545,
      0.4308481216430664,
      0.45132899284362793,
      0.511631965637207,
      0.4886937141418457
    ],
    "accuracies": [
      0.9661016949152542,
      0.9508196721311475,
      0.9841269841269841,
      1.0,
      0.9873417721518988,
      1.0,
      0.9888888888888889,
      0.967032967032967,
      0.9803921568627451,
      0.9818181818181818,
      0.9921875,
      0.9923076923076923
    ]
  },
  "log(#samples)*2": {
    "times": [
      0.12263894081115723,
      0.12765908241271973,
      0.1845076084136963,
      0.17855501174926758,
      0.189497709274292,
      0.17154312133789062,
      0.18949651718139648,
      0.18650341033935547,
      0.1874988079071045,
      0.19747185707092285,
      0.2757875919342041,
      0.24587726593017578
    ],
    "accuracies": [
      0.9661016949152542,
      0.9508196721311475,
      0.9523809523809523,
      0.9090909090909091,
      0.9620253164556962,
      0.9285714285714286,
      0.9222222222222223,
      0.9340659340659341,
      0.9313725490196079,
      0.9272727272727272,
      0.9375,
      0.9384615384615385
    ]
  }
}