{
  "#samples": {
    "times": [
      0.010970115661621094,
      0.023962974548339844,
      0.05382966995239258,
      0.3780043125152588,
      0.5655100345611572,
      0.8414387702941895,
      0.9275224208831787,
      1.5949053764343262,
      2.2331597805023193,
      4.029481887817383,
      4.228359222412109
    ],
    "accuracies": [
      1.0,
      1.0,
      1.0,
      1.0,
      1.0,
      1.0,
      1.0,
      1.0,
      1.0,
      1.0,
      1.0
    ]
  },
  "sqrt(#samples)": {
    "times": [
      0.05187249183654785,
      0.008976221084594727,
      0.0139617919921875,
      0.021941423416137695,
      0.0329132080078125,
      0.05684781074523926,
      0.047872066497802734,
      0.06482601165771484,
      0.06682181358337402,
      0.07779121398925781,
      0.08976030349731445
    ],
    "accuracies": [
      0.5,
      0.75,
      0.5714285714285714,
      0.7,
      0.92,
      0.9032258064516129,
      0.9375,
      0.9069767441860465,
      0.9411764705882353,
      0.9420289855072463,
      0.9577464788732394
    ]
  },
  "log(#samples)": {
    "times": [
      0.00797891616821289,
      0.008976459503173828,
      0.016954660415649414,
      0.02795267105102539,
      0.023962020874023438,
      0.03288626670837402,
      0.0359034538269043,
      0.040378570556640625,
      0.035906076431274414,
      0.05884385108947754,
      0.056874990463256836
    ],
    "accuracies": [
      0.5,
      0.75,
      0.5714285714285714,
      0.75,
      0.84,
      0.8387096774193549,
      0.8125,
      0.7906976744186046,
      0.8627450980392157,
      0.855072463768116,
      0.8591549295774648
    ]
  },
  "sqrt(#samples)*2": {
    "times": [
      0.012976884841918945,
      0.019980430603027344,
      0.03790020942687988,
      0.07779073715209961,
      0.1356661319732666,
      0.12170004844665527,
      0.14660930633544922,
      0.20049262046813965,
      0.18650174140930176,
      0.2810194492340088,
      0.33510398864746094
    ],
    "accuracies": [
      1.0,
      1.0,
      1.0,
      0.95,
      0.96,
      0.967741935483871,
      0.96875,
      0.9767441860465116,
      0.9803921568627451,
      1.0,
      1.0
    ]
  },
  "log(#samples)*2": {
    "times": [
      0.012965917587280273,
      0.02194046974182129,
      0.04687643051147461,
      0.09175562858581543,
      0.08975887298583984,
      0.11565709114074707,
      0.11269807815551758,
      0.11369657516479492,
      0.12870144844055176,
      0.17405962944030762,
      0.1705470085144043
    ],
    "accuracies": [
      0.5,
      1.0,
      1.0,
      0.95,
      0.96,
      0.967741935483871,
      0.96875,
      0.9302325581395349,
      0.9607843137254902,
      0.9855072463768116,
      0.9859154929577465
    ]
  }
}