{
    "intent_classifier_pytorch": {
        "lib import": [
            7.134265661239624,
            6.996126890182495,
            6.927919387817383,
            7.0356199741363525,
            7.045742750167847,
            7.370062828063965,
            7.135405778884888,
            6.999253749847412,
            7.053521394729614,
            7.034276962280273
        ],
        "model load": [
            0.0009984970092773438,
            0.0009975433349609375,
            0.0009980201721191406,
            0.000997304916381836,
            0.000997304916381836,
            0.0009849071502685547,
            0.001012563705444336,
            0.0009970664978027344,
            0.001993894577026367,
            0.0009970664978027344
        ],
        "model inference": [
            0.0339357852935791,
            0.03393983840942383,
            0.0339357852935791,
            0.03091883659362793,
            0.03391146659851074,
            0.03351712226867676,
            0.03289675712585449,
            0.03291201591491699,
            0.03889822959899902,
            0.03391098976135254
        ]
    },
    "intent_classifier_keras": {
        "lib import": [
            2.0125951766967773,
            1.8929483890533447,
            1.8772273063659668,
            1.8854234218597412,
            1.8697850704193115,
            2.062619209289551,
            2.0082974433898926,
            1.937936544418335,
            1.9086329936981201,
            1.885934591293335
        ],
        "model load": [
            0.0009713172912597656,
            0.0009663105010986328,
            0.0009698867797851562,
            0.0009965896606445312,
            0.0010221004486083984,
            0.000997781753540039,
            0.000997304916381836,
            0.000997304916381836,
            0.0009982585906982422,
            0.0009975433349609375
        ],
        "model inference": [
            0.028923749923706055,
            0.030945539474487305,
            0.02895069122314453,
            0.029949665069580078,
            0.027898788452148438,
            0.028896331787109375,
            0.029907703399658203,
            0.031946659088134766,
            0.03291130065917969,
            0.029920578002929688
        ]
    }
}