{
    "intent_classifier_pytorch": {
        "lib import": [
            6.91138482093811,
            6.921578407287598,
            6.891782283782959,
            6.78735876083374,
            6.899495840072632,
            6.959641695022583,
            7.092039585113525,
            6.918255805969238,
            6.927981853485107,
            6.88897180557251
        ],
        "model load": [
            0.0008282661437988281,
            0.0008080005645751953,
            0.0008044242858886719,
            0.0007960796356201172,
            0.0008053779602050781,
            0.0008292198181152344,
            0.0008256435394287109,
            0.0008237361907958984,
            0.0008087158203125,
            0.0008203983306884766
        ],
        "model inference": [
            1.5315194129943848,
            1.504774808883667,
            1.5464105606079102,
            1.5044341087341309,
            1.5216481685638428,
            1.5309569835662842,
            1.5122864246368408,
            1.5315959453582764,
            1.5386526584625244,
            1.5470857620239258
        ]
    },
    "intent_classifier_keras": {
        "lib import": [
            1.0414490699768066,
            1.033432960510254,
            1.036191463470459,
            1.0331380367279053,
            1.0392963886260986,
            1.0406451225280762,
            1.0614430904388428,
            1.040886640548706,
            1.0405218601226807,
            1.0411207675933838
        ],
        "model load": [
            0.0007669925689697266,
            0.0007317066192626953,
            0.0007576942443847656,
            0.0007183551788330078,
            0.00074005126953125,
            0.00075531005859375,
            0.0007658004760742188,
            0.0007576942443847656,
            0.0007317066192626953,
            0.0007534027099609375
        ],
        "model inference": [
            0.006989479064941406,
            0.006797313690185547,
            0.006779670715332031,
            0.006857156753540039,
            0.00693964958190918,
            0.0069353580474853516,
            0.006872415542602539,
            0.007013082504272461,
            0.006850004196166992,
            0.0069620609283447266
        ]
    }
}