{
    "intent_classifier_pytorch": {
        "lib import": [
            6.8546154499053955,
            6.8749213218688965,
            6.830988645553589,
            6.881062984466553,
            6.863893747329712,
            6.897703170776367,
            6.836129903793335,
            6.751545667648315,
            6.860249042510986,
            6.906066417694092
        ],
        "model load": [
            1.3361961841583252,
            1.326798677444458,
            1.3287506103515625,
            1.3157455921173096,
            1.3229830265045166,
            1.3141436576843262,
            1.3334269523620605,
            1.3154966831207275,
            1.2931194305419922,
            1.3252387046813965
        ],
        "model inference": [
            0.2228870391845703,
            0.22185468673706055,
            0.22124052047729492,
            0.21919035911560059,
            0.2196958065032959,
            0.22146940231323242,
            0.2232346534729004,
            0.22110986709594727,
            0.23717308044433594,
            0.2226884365081787
        ]
    },
    "intent_classifier_keras": {
        "lib import": [
            1.0438594818115234,
            1.0482568740844727,
            1.0458877086639404,
            1.049264907836914,
            1.0477488040924072,
            1.0437390804290771,
            1.0433545112609863,
            1.046778917312622,
            1.0459706783294678,
            1.053239345550537
        ],
        "model load": [
            0.0010497570037841797,
            0.0010409355163574219,
            0.0010421276092529297,
            0.0010693073272705078,
            0.0010581016540527344,
            0.0010573863983154297,
            0.0010523796081542969,
            0.0010516643524169922,
            0.0010752677917480469,
            0.0010569095611572266
        ],
        "model inference": [
            0.0070035457611083984,
            0.006834983825683594,
            0.0068929195404052734,
            0.0069005489349365234,
            0.006883859634399414,
            0.007040977478027344,
            0.00681757926940918,
            0.0068073272705078125,
            0.006857395172119141,
            0.006901979446411133
        ]
    }
}