{
    "intent_classifier_pytorch": {
        "lib import": [
            13.697861433029175,
            13.824279546737671,
            13.805032730102539,
            13.640438079833984,
            13.959828615188599,
            13.784526348114014,
            13.798384666442871,
            13.680269718170166,
            13.82953667640686,
            13.829987287521362
        ],
        "model load": [
            0.004369258880615234,
            0.0038917064666748047,
            0.003930091857910156,
            0.003840923309326172,
            0.003899097442626953,
            0.003955841064453125,
            0.003964900970458984,
            0.003920316696166992,
            0.003911256790161133,
            0.00388336181640625
        ],
        "model inference": [
            1.2815890312194824,
            0.6848165988922119,
            0.6683454513549805,
            0.386138916015625,
            0.6238915920257568,
            0.6830933094024658,
            0.6176156997680664,
            0.6846640110015869,
            0.6413896083831787,
            0.44441890716552734
        ]
    },
    "intent_classifier_keras": {
        "lib import": [
            5.235537052154541,
            5.970155954360962,
            5.66117525100708,
            5.56509256362915,
            5.621493816375732,
            7.02885890007019,
            5.627883672714233,
            6.677358388900757,
            5.633454322814941,
            5.597346544265747
        ],
        "model load": [
            0.005486488342285156,
            0.003810405731201172,
            0.0037250518798828125,
            0.004542827606201172,
            0.0038220882415771484,
            0.0038199424743652344,
            0.0038225650787353516,
            0.004293918609619141,
            0.0037767887115478516,
            0.003735780715942383
        ],
        "model inference": [
            0.7702937126159668,
            0.6219098567962646,
            0.6814315319061279,
            0.46723103523254395,
            0.6824076175689697,
            0.5923855304718018,
            0.5766055583953857,
            0.7129421234130859,
            0.6996800899505615,
            0.6342637538909912
        ]
    }
}