{
    "intent_classifier_pytorch": {
        "lib import": [
            31.641401529312134,
            16.492287635803223,
            16.434401273727417,
            19.941104412078857,
            16.436697006225586,
            16.4261736869812,
            16.42193579673767,
            16.447953701019287,
            16.57541513442993,
            16.440709590911865
        ],
        "model load": [
            0.0036787986755371094,
            0.003607511520385742,
            0.0036237239837646484,
            0.0035996437072753906,
            0.003568410873413086,
            0.0035409927368164062,
            0.0035314559936523438,
            0.0035567283630371094,
            0.0035581588745117188,
            0.00354766845703125
        ],
        "model inference": [
            0.2750093936920166,
            0.27399516105651855,
            0.274646520614624,
            0.27900123596191406,
            0.27550768852233887,
            0.27284741401672363,
            0.2744762897491455,
            0.28496384620666504,
            0.2799081802368164,
            0.2832942008972168
        ]
    },
    "intent_classifier_keras": {
        "lib import": [
            4.958200216293335,
            4.637980699539185,
            4.674088001251221,
            4.642390489578247,
            4.673023223876953,
            4.626840353012085,
            4.627817153930664,
            4.626266241073608,
            4.639366626739502,
            4.630409002304077
        ],
        "model load": [
            0.0034227371215820312,
            0.003340005874633789,
            0.0032846927642822266,
            0.003383636474609375,
            0.0032906532287597656,
            0.0032224655151367188,
            0.0033283233642578125,
            0.003315448760986328,
            0.0033445358276367188,
            0.003297567367553711
        ],
        "model inference": [
            0.2675788402557373,
            0.26637840270996094,
            0.26773905754089355,
            0.26830005645751953,
            0.2691936492919922,
            0.26694655418395996,
            0.2676126956939697,
            0.27857351303100586,
            0.27364087104797363,
            0.2772214412689209
        ]
    }
}