{
    "intent_classifier_pytorch": {
        "lib import": [
            3.487738847732544,
            3.324950933456421,
            3.322554588317871,
            3.298207998275757,
            3.2953145503997803,
            3.297747850418091,
            3.3116157054901123,
            3.2985124588012695,
            3.3078887462615967,
            3.3453450202941895
        ],
        "model load": [
            0.0009975433349609375,
            0.000997781753540039,
            0.000997781753540039,
            0.0009970664978027344,
            0.000997304916381836,
            0.0009975433349609375,
            0.000997304916381836,
            0.000997304916381836,
            0.0009975433349609375,
            0.0009970664978027344
        ],
        "model inference": [
            0.07885503768920898,
            0.02892446517944336,
            0.029919862747192383,
            0.03191709518432617,
            0.030916929244995117,
            0.03191637992858887,
            0.02991962432861328,
            0.030003070831298828,
            0.032911062240600586,
            0.029921531677246094
        ]
    },
    "intent_classifier_keras": {
        "lib import": [
            1.93345308303833,
            1.7810137271881104,
            1.7972784042358398,
            1.7846958637237549,
            1.7874057292938232,
            1.7766215801239014,
            1.7856528759002686,
            1.8365330696105957,
            1.7730720043182373,
            1.7898187637329102
        ],
        "model load": [
            0.0010116100311279297,
            0.0009970664978027344,
            0.001995563507080078,
            0.0009970664978027344,
            0.0009970664978027344,
            0.0009953975677490234,
            0.000997304916381836,
            0.0009961128234863281,
            0.0019943714141845703,
            0.0019936561584472656
        ],
        "model inference": [
            0.027918338775634766,
            0.027926206588745117,
            0.025931119918823242,
            0.028922557830810547,
            0.02692890167236328,
            0.02792525291442871,
            0.025935888290405273,
            0.026929140090942383,
            0.027925968170166016,
            0.028923988342285156
        ]
    }
}