{
    "pytorch_big_time_req": {
        "lib import": [],
        "model load": [
            0.0049855709075927734,
            0.003989219665527344,
            0.0498659610748291,
            0.014960527420043945,
            0.006011962890625,
            0.007007598876953125,
            0.005984067916870117,
            0.004991292953491211,
            0.003987789154052734,
            0.005011320114135742
        ],
        "model inference": [
            0.03490734100341797,
            0.031913042068481445,
            0.03989434242248535,
            0.04188704490661621,
            0.0348811149597168,
            0.03789806365966797,
            0.03191375732421875,
            0.03288149833679199,
            0.03592991828918457,
            0.03388547897338867
        ]
    },
    "intent_classifier_keras": {
        "lib import": [],
        "model load": [
            0.18450641632080078,
            0.18151545524597168,
            0.20345616340637207,
            0.19148850440979004,
            0.17353415489196777,
            0.19046592712402344,
            0.18151354789733887,
            0.18949317932128906,
            0.17650246620178223,
            0.1685488224029541
        ],
        "model inference": [
            0.13464021682739258,
            0.1246795654296875,
            0.16356277465820312,
            0.14760613441467285,
            0.131805419921875,
            0.13663339614868164,
            0.13065099716186523,
            0.12865710258483887,
            0.1387484073638916,
            0.1246647834777832
        ]
    }
}