{
    "loss": [
        3.7379941940307617,
        0.7639676332473755,
        0.5293620824813843,
        0.45179277658462524,
        0.4164852201938629,
        0.3484901487827301,
        0.24439601600170135,
        0.15040425956249237,
        0.08616692572832108,
        0.04964060336351395,
        0.030613895505666733,
        0.019984452053904533,
        0.013593574054539204,
        0.009944903664290905,
        0.007641197182238102,
        0.00589480996131897,
        0.004571970086544752,
        0.003633099840953946,
        0.0029975760262459517,
        0.002542980946600437,
        0.002186839235946536,
        0.001886181766167283,
        0.0016286119353026152,
        0.001411888049915433,
        0.0012328631710261106,
        0.001090784091502428,
        0.0009797991951927543,
        0.0008932271157391369,
        0.00082502665463835,
        0.0007707750773988664
    ],
    "accuracy": [
        0.10000000149011612,
        0.6499999761581421,
        0.9166666865348816,
        0.9166666865348816,
        0.8833333253860474,
        0.8833333253860474,
        0.949999988079071,
        0.949999988079071,
        0.9833333492279053,
        1.0,
        1.0,
        1.0,
        1.0,
        1.0,
        1.0,
        1.0,
        1.0,
        1.0,
        1.0,
        1.0,
        1.0,
        1.0,
        1.0,
        1.0,
        1.0,
        1.0,
        1.0,
        1.0,
        1.0,
        1.0
    ]
}