{
    "accu": [
        0.18333333333333332,
        0.6333333333333333,
        0.7833333333333333,
        0.85,
        1.0,
        1.0,
        0.9833333333333333,
        0.9833333333333333,
        1.0,
        1.0,
        1.0,
        1.0,
        1.0,
        1.0,
        1.0,
        1.0,
        1.0,
        1.0,
        1.0,
        1.0,
        1.0,
        1.0,
        1.0,
        1.0,
        1.0,
        1.0,
        1.0,
        1.0,
        1.0,
        1.0
    ],
    "losses": [
        2.869837164878845,
        0.9999394416809082,
        0.7315418869256973,
        0.43187906593084335,
        0.24216359853744507,
        0.14758306741714478,
        0.08733012527227402,
        0.05453532561659813,
        0.035119522362947464,
        0.022717627696692944,
        0.01579534076154232,
        0.011722716968506575,
        0.008978983853012323,
        0.006662946310825646,
        0.004789242288097739,
        0.0034691161708906293,
        0.002586188376881182,
        0.0019982175435870886,
        0.0015873884549364448,
        0.001283872697968036,
        0.0010587459546513855,
        0.0008916372898966074,
        0.0007682633295189589,
        0.0006746281869709492,
        0.000603396154474467,
        0.0005487700400408357,
        0.0005055538204032928,
        0.0004703262384282425,
        0.00044107972644269466,
        0.00041635672096163034
    ]
}